Target_ID	Target_Name	Class	RNA_Type	Sequence_5to3	Dot_Bracket	Label	Ligand_or_Reason	Ground_Truth_Evidence	Source	Length_nt
POS-01	SMN2 exon 7 splice element	POSITIVE	pre-mRNA	GGUUUUAGACAAAAUCAAAAAGAAGGAAGGUGCUCACAUUCCUUAAAUUAAGGA	.	druggable	Risdiplam (FDA-approved); branaplam	FDA approval; splicing modulation in SMA	NM_017411.3 pos 998-1051	54
POS-02	FMN riboswitch aptamer	POSITIVE	riboswitch	CGGCAGGGAAAGCCCGGCAACCAGCCCUUGGAGAGUAGCAUGGUGAUAAGCCCCGUCUUAUCUAAGAGUUUCUGCUUC	.	druggable	Ribocil (Kd=16 nM); 5FDQD (Kd=7.5 nM)	Crystal structure + resistance profiling	Rfam RF00050 (in pipeline)	78
POS-03	HCV IRES domain II	POSITIVE	viral IRES	GGCUGUGAGGAACUACUGUCUUCACGCAGAAAGCGUCUAGCCAUGGCGUUAGUAUGAGUGUCGUGCAGCCUCCAGCC	.	druggable	Compound 13 (Kd=720 nM, EC50=5.4 uM replicon)	Structure + HCV replicon assay	PDB 1P5O / Rfam RF00061 (in pipeline)	77
POS-04	HIV-1 TAR apical loop	POSITIVE	viral element	GGCAGAUCUGAGCCUGGGAGCUCUCUGCC	.	druggable	Amiloride derivatives; Cpd 15 (Tat-TAR FRET)	Biophysical + FRET disruption	PDB 1ARJ	29
POS-05	PreQ1 riboswitch aptamer	POSITIVE	riboswitch	AGAGGUUCUAGCUACACCCUCUAUAAAAAACUAAGGGUUUUAAGGACUUAG	.	druggable	Compound 1 (Kd=99-490 nM)	Aptamer-ligand binding	Rfam RF00522 (in pipeline)	51
POS-06	MALAT1 ENE triple helix	POSITIVE	lncRNA element	GGAAGGUUUUUCUUUUCCUGAGGCGAAAGUCUCAGGUUUUGCUUUUUGGCCUUUCUUAAAAAAAAAAAAAGCAAAA	.	druggable	SMM-hit triplex stabilizers	Structure + cellular modulation	PDB 4PLX	76
POS-07	EV71 IRES stem-loop II	POSITIVE	viral IRES	GGAUCAAUAGCAGGUGUGGCACACCAGUCAUACCUUGAUCC	.	druggable	DMA-135 (Kd=500 nM)	Binding + viral replication assay	PDB 6XB7	41
POS-08	SARS-CoV-2 5p UTR SL	POSITIVE	viral element	GAUCUGUUCUCUAAACGAACUUUAAAAUCUGUGUGGCUGUCACUCGG	.	druggable	DMA-155 (IC50=10 uM)	Virus titre reduction	NC_045512.2 pos 56-101	47
NEG-01	HOTAIR lncRNA domain 1	NEGATIVE	lncRNA	CCAGUUCUCAGGCGAGAGCCGCGGCUGACAGGGUCUGGGACAGAAGGAAAGCCCUCCAGCCUCCAGGCCCUGCCUUCUGCCUGCACAUUCUGCCCUGAUU	.	not_druggable	R-scape: no significant covariation	No conserved functional structure	NR_047517.1 pos 1-100	100
NEG-02	SRA lncRNA 5p region	NEGATIVE	lncRNA	GGAGAUGGCGGAGCUGUACGUGAAGCCGGGUGAGCGCAGCCGGCGGGCUAGGGCACUAGGUUGUCGCCCCGGCCUAGGCUGGGGGCGGUUGCGGCGCUUA	.	not_druggable	R-scape: no significant covariation	No conserved functional structure	NR_045587.1 pos 1-100	100
NEG-03	Xist repeat A tandem	NEGATIVE	lncRNA	UGCCCAUCGGGGCUGCGGAUACCUGGUUUUAUUAUUUUUUCUUUGCCCAACGGGGCCGUGGAUACCUGCCUUUUAAUUCUUUUUUAUUCGCCCAUCGGGGCCGCGGAUACC	.	not_druggable	R-scape: no significant covariation	No conserved functional structure; repeat degeneracy	NR_001564.2 pos 370-480	111
NEG-04	Shuffled tRNA-Phe (dinuc-preserved)	NEGATIVE	synthetic control	GENERATE_AT_RUNTIME	.	not_druggable	Dinucleotide-shuffled: no real structure	Composition matched structure destroyed	synthetic (Altschul-Erickson Euler path from tRNA-Phe, seed=42)	76
NEG-05	Random GC-matched sequence	NEGATIVE	synthetic control	GENERATE_AT_RUNTIME	.	not_druggable	Random with GC matched to mean positive target	No designed structure	synthetic (random seed frozen at SHA)	76
CTL-01	HTT CAG17 (normal allele)	CONTROL_GRADED	mRNA repeat	AUGAAGGCCUUCGAGUCCCUCAAGUCCUUCCAGCAGCAGCAGCAGCAGCAGCAGCAGCAGCAGCAGCAGCAGCAGCAGCAGCAACAGCCGCCACCGCCGCCGCCGCCGCCGCCGCCUCCUCAGCUUCCUCAGCCGCCGCCGCAGGCACAGCCGCUGCUGCCUCAGCCGCAGCCGCCCCCGCCGCCGCCCCCGCCGCCACCCGGCCCGGCUGUGGCUGAGGAGCCGCUGCACCGAC	.	graded_ref_low	Non-pathogenic repeat length	Repeat-length monotonicity ground truth	NM_002111.7 (full construct with flanks)	235
CTL-02	HTT CAG36 (threshold)	CONTROL_GRADED	mRNA repeat	AUGAAGGCCUUCGAGUCCCUCAAGUCCUUCCAGCAGCAGCAGCAGCAGCAGCAGCAGCAGCAGCAGCAGCAGCAGCAGCAGCAGCAGCAGCAGCAGCAGCAGCAGCAGCAGCAGCAGCAGCAGCAGCAGCAGCAGCAGCAACAGCCGCCACCGCCGCCGCCGCCGCCGCCGCCUCCUCAGCUUCCUCAGCCGCCGCCGCAGGCACAGCCGCUGCUGCCUCAGCCGCAGCCGCCCCCGCCGCCGCCCCCGCCGCCACCCGGCCCGGCUGUGGCUGAGGAGCCGCUGCACCGAC	.	graded_threshold	Reduced-penetrance threshold	Repeat-length monotonicity ground truth	NM_002111.7 (full construct with flanks)	292
CTL-03	HTT CAG60 (severe)	CONTROL_GRADED	mRNA repeat	AUGAAGGCCUUCGAGUCCCUCAAGUCCUUCCAGCAGCAGCAGCAGCAGCAGCAGCAGCAGCAGCAGCAGCAGCAGCAGCAGCAGCAGCAGCAGCAGCAGCAGCAGCAGCAGCAGCAGCAGCAGCAGCAGCAGCAGCAGCAGCAGCAGCAGCAGCAGCAGCAGCAGCAGCAGCAGCAGCAGCAGCAGCAGCAGCAGCAGCAGCAGCAGCAGCAACAGCCGCCACCGCCGCCGCCGCCGCCGCCGCCUCCUCAGCUUCCUCAGCCGCCGCCGCAGGCACAGCCGCUGCUGCCUCAGCCGCAGCCGCCCCCGCCGCCGCCCCCGCCGCCACCCGGCCCGGCUGUGGCUGAGGAGCCGCUGCACCGAC	.	graded_high	Juvenile-onset pathogenic length	Repeat-length monotonicity ground truth	NM_002111.7 (full construct with flanks)	364
